"id","survey_lang","_OEQ_JL_ZHO FINISHED.xlsx","_OEQ_WC_ZHO FINISHED.xlsx"
"s1205","zho","test","test"
"s2227","zho","test","test"
"s2228","zho","test","test"
"s4080","zho","no","no"
"s4088","zho","no","no"
"s4098","zho","no","no"
"s4140","zho","maybe","no"
"s4142","zho","na","no"
"s4159","zho","no","no"
"s4160","zho","no","no"
"s4191","zho","na","no"
"s4194","zho","no","no"
"s4203","zho","yes","no"
"s4206","zho","no","no"
"s4247","zho","no","no"
"s4263","zho","no","no"
"s4283","zho","yes","no"
"s4323","zho","no","no"
"s4325","zho","no","no"
"s4393","zho","maybe","no"
"s4394","zho","no","no"
"s4395","zho","maybe","no"
"s4477","zho","no","no"
"s4513","zho","no","no"
"s4564","zho","na","no"
"s4679","zho","test","test"
"s4798","zho","no","no"
"s4808","zho","no","no"
"s4811","zho","na","no"
"s4896","zho","no","no"
"s4961","zho","maybe","no"
"s5211","zho","no","no"
"s5562","zho","yes","no"
"s5643","zho","no","no"
"s5760","zho","no","no"
"s5930","zho","no","no"
"s6094","zho","no","no"
"s6157","zho","test","test"
"s6280","zho","no","no"
"s6361","zho","no","no"
"s6700","zho","na","na"
"s6732","zho","no","no"
"s6742","zho","no","no"
"s6800","zho","no","no"
"s7533","zho","test","test"
"s7742","zho","no","no"
